date,y_true,prob_deep,pred_deep
2024-12-15,1,0.5367848677539154,1
2024-12-16,1,0.613333137251241,1
2024-12-17,0,0.48787516775210077,0
2024-12-18,0,0.5686015940155343,1
2024-12-19,1,0.5415241883351356,1
2024-12-20,0,0.4973380238905578,0
2024-12-21,0,0.48913234999197613,0
2024-12-22,0,0.5257220761457714,1
2024-12-23,1,0.6218178290057005,1
2024-12-24,1,0.5545750603766568,1
2024-12-25,0,0.4786869068491709,0
2024-12-26,0,0.6047734590681966,1
2024-12-27,1,0.5674104112498685,1
2024-12-28,0,0.5616550246126708,1
2024-12-29,0,0.4890905977644513,0
2024-12-30,1,0.5499473466546533,1
2024-12-31,1,0.5538632852055784,1
2025-01-01,1,0.519030137158227,1
2025-01-02,1,0.5323645213860204,1
2025-01-03,1,0.44253265577965495,0
2025-01-04,1,0.4922412025013704,0
2025-01-05,1,0.45639474200225305,0
2025-01-06,0,0.5841387943915822,1
2025-01-07,0,0.5715713712628648,1
2025-01-08,0,0.49908710016822255,0
2025-01-09,1,0.6337464048473203,1
2025-01-10,0,0.5662812238735517,1
2025-01-11,0,0.49485360311079146,0
2025-01-12,0,0.546056203316442,1
2025-01-13,1,0.5375623830941264,1
2025-01-14,1,0.5058562027316149,1
2025-01-15,0,0.5011522069234802,1
2025-01-16,1,0.4932759605596729,0
2025-01-17,1,0.6008660166905928,1
2025-01-18,0,0.5265793890595624,1
2025-01-19,1,0.6422113741565658,1
2025-01-20,1,0.5695529051737157,1
2025-01-21,0,0.48069008277546715,0
2025-01-22,1,0.6228101830902779,1
2025-01-23,1,0.5394388062064014,1
2025-01-24,0,0.5306622012097985,1
2025-01-25,0,0.4756863806134638,0
2025-01-26,0,0.53498595824866,1
2025-01-27,0,0.6058100617522655,1
2025-01-28,1,0.4711431406994321,0
2025-01-29,1,0.48498447595653965,0
2025-01-30,0,0.525949894177647,1
2025-01-31,0,0.48006162386418266,0
2025-02-01,0,0.47117620206937716,0
2025-02-02,1,0.5823335755148272,1
2025-02-03,0,0.5248508480820268,1
2025-02-04,0,0.4131279544922858,0
2025-02-05,0,0.5052346209139718,1
2025-02-06,0,0.5312899402505801,1
2025-02-07,0,0.530938103168842,1
2025-02-08,1,0.5466879648460583,1
2025-02-09,1,0.5614082631829733,1
2025-02-10,0,0.4610559503509717,0
2025-02-11,1,0.44298720447093426,0
2025-02-12,0,0.5114344119604392,1
2025-02-13,1,0.4934730098198656,0
2025-02-14,1,0.4264669699509704,0
2025-02-15,0,0.5056558354105397,1
2025-02-16,0,0.45154333989464823,0
2025-02-17,0,0.4742008929008092,0
2025-02-18,1,0.5079248304070871,1
2025-02-19,1,0.43374525469272246,0
2025-02-20,0,0.5202870859580196,1
2025-02-21,1,0.5536180474255669,1
2025-02-22,0,0.5455204917129465,1
2025-02-23,0,0.4675917096003004,0
2025-02-24,0,0.6021053582800332,1
2025-02-25,0,0.7100048481830971,1
2025-02-26,1,0.6812446234161662,1
2025-02-27,0,0.67677250072984,1
2025-02-28,1,0.7097554172179973,1
2025-03-01,1,0.555435040586306,1
2025-03-02,0,0.6233010935986271,1
2025-03-03,1,0.5633599021405271,1
2025-03-04,1,0.6532292266455145,1
2025-03-05,0,0.4829841557067515,0
2025-03-06,0,0.6042923512681826,1
2025-03-07,0,0.5804301825220918,1
2025-03-08,0,0.6017389983214267,1
2025-03-09,0,0.580411032588639,1
2025-03-10,1,0.5921177920676503,1
2025-03-11,1,0.5893455035457287,1
2025-03-12,0,0.510008102031933,1
2025-03-13,1,0.44997185859392574,0
2025-03-14,1,0.5151413141747929,1
2025-03-15,0,0.480481072747599,0
2025-03-16,1,0.5137428916858511,1
2025-03-17,0,0.47383995844764865,0
2025-03-18,1,0.40969307974907826,0
2025-03-19,0,0.5762909763471262,1
2025-03-20,0,0.4626512100679716,0
2025-03-21,0,0.46390474620890343,0
2025-03-22,1,0.4601010156607249,0
2025-03-23,1,0.5964608897760797,1
2025-03-24,0,0.6064265479592668,1
2025-03-25,0,0.4860352071465343,0
2025-03-26,1,0.48755147346664884,0
2025-03-27,0,0.5409768560639825,1
2025-03-28,0,0.5958245866618443,1
2025-03-29,0,0.5245992527564611,1
2025-03-30,1,0.506315729972555,1
2025-03-31,1,0.522651451505371,1
2025-04-01,0,0.49179658293045186,0
2025-04-02,1,0.625652329774642,1
2025-04-03,1,0.44067434558575197,0
2025-04-04,0,0.608849413489213,1
2025-04-05,0,0.4686167936042689,0
2025-04-06,1,0.4954913824009021,0
2025-04-07,0,0.6382552635940529,1
2025-04-08,1,0.5334032878655963,1
2025-04-09,0,0.6171925677471906,1
2025-04-10,1,0.5215924401779312,1
2025-04-11,1,0.47791023873396693,0
2025-04-12,0,0.501332793095203,1
2025-04-13,1,0.6124170547593304,1
2025-04-14,0,0.5271680083820897,1
2025-04-15,1,0.4760589459240894,0
2025-04-16,1,0.44219705156944983,0
2025-04-17,0,0.5176451962091001,1
2025-04-18,1,0.468699276712132,0
2025-04-19,1,0.5861209123822303,1
2025-04-20,1,0.4438485836311657,0
2025-04-21,1,0.6093805760631107,1
2025-04-22,1,0.6394719565499746,1
2025-04-23,1,0.44802631808910764,0
2025-04-24,1,0.5862728179641129,1
2025-04-25,0,0.45898453611566015,0
2025-04-26,0,0.5661353837457865,1
2025-04-27,1,0.5426311827486276,1
2025-04-28,0,0.5185760853796558,1
2025-04-29,0,0.5683099185956247,1
2025-04-30,1,0.48522076879231546,0
2025-05-01,1,0.5662327026869086,1
2025-05-02,0,0.6459058704063971,1
2025-05-03,0,0.5301657170898877,1
2025-05-04,1,0.46285438752894803,0
2025-05-05,1,0.5140006565689824,1
2025-05-06,1,0.4696109901882654,0
2025-05-07,1,0.5051052246404646,1
2025-05-08,0,0.6128587205402087,1
2025-05-09,1,0.5168806551008774,1
2025-05-10,0,0.5479154511847466,1
2025-05-11,0,0.5904090376938056,1
2025-05-12,1,0.6518860179075316,1
2025-05-13,0,0.42925304936006775,0
2025-05-14,1,0.569308625258619,1
2025-05-15,0,0.5554258380127953,1
2025-05-16,0,0.4547896609453389,0
2025-05-17,1,0.4846131656819235,0
2025-05-18,0,0.6336184386206786,1
2025-05-19,1,0.5238410946458002,1
2025-05-20,1,0.4776871012901798,0
2025-05-21,1,0.49647968823230004,0
2025-05-22,0,0.5407391994516559,1
2025-05-23,1,0.5103397329712213,1
2025-05-24,1,0.5190428064223992,1
2025-05-25,1,0.42386243731552475,0
2025-05-26,0,0.5063455850439805,1
2025-05-27,0,0.5089134513918128,1
2025-05-28,0,0.5888171557890586,1
2025-05-29,0,0.42810695671312277,0
2025-05-30,1,0.48027630676315863,0
2025-05-31,1,0.4847894203891759,0
2025-06-01,1,0.5038637667906856,1
2025-06-02,0,0.4769638452188333,0
2025-06-03,0,0.49293439898331554,0
2025-06-04,0,0.4625705688545445,0
2025-06-05,1,0.482548948765604,0
2025-06-06,1,0.5217052215092728,1
2025-06-07,1,0.4851340367749557,0
2025-06-08,1,0.45959581077795886,0
2025-06-09,1,0.5364164422093949,1
2025-06-10,0,0.5607673250064499,1
2025-06-11,0,0.46520403905994245,0
2025-06-12,1,0.5475984170248371,1
2025-06-13,0,0.5011226061122875,1
2025-06-14,1,0.4602658307897986,0
2025-06-15,1,0.45480042339022536,0
2025-06-16,0,0.5540293297382306,1
2025-06-17,1,0.4364308833621166,0
2025-06-18,0,0.5114882689884744,1
2025-06-19,0,0.5115341599590332,1
2025-06-20,0,0.5386164010209668,1
2025-06-21,0,0.5023361155968361,1
2025-06-22,1,0.5118880621123418,1
2025-06-23,1,0.5248754114406936,1
2025-06-24,1,0.48481815484920077,0
2025-06-25,0,0.5120606258208655,1
2025-06-26,1,0.49650238660494544,0
2025-06-27,1,0.4608776748933546,0
2025-06-28,1,0.49317236755070504,0
2025-06-29,0,0.5215609778304366,1
2025-06-30,0,0.509913776462429,1
2025-07-01,1,0.4868532348875771,0
2025-07-02,1,0.5430320546437273,1
2025-07-03,0,0.541253499681645,1
2025-07-04,1,0.481850994159549,0
2025-07-05,0,0.5579280593263674,1
2025-07-06,1,0.5021519034394598,1
2025-07-07,0,0.6220550793119449,1
2025-07-08,1,0.5421721858623988,1
2025-07-09,1,0.5088467091015069,1
2025-07-10,1,0.5512401036120981,1
2025-07-11,1,0.5753595842320075,1
2025-07-12,0,0.6042607365139445,1
2025-07-13,1,0.4345065556293572,0
2025-07-14,0,0.6107384260967319,1
2025-07-15,0,0.5311716212016516,1
2025-07-16,1,0.4309050344450448,0
2025-07-17,1,0.6000193595194585,1
2025-07-18,0,0.5778157867405407,1
2025-07-19,0,0.43485097890611485,0
2025-07-20,0,0.5548425141959549,1
2025-07-21,0,0.5827500947495715,1
2025-07-22,1,0.49539131822779836,0
2025-07-23,0,0.47147978131061846,0
2025-07-24,0,0.4922163114634588,0
2025-07-25,1,0.6101448670482719,1
2025-07-26,1,0.5486631154917682,1
2025-07-27,1,0.4762072151175696,0
2025-07-28,0,0.5209085422630126,1
2025-07-29,1,0.4713713219294602,0
2025-07-30,1,0.4987152479522637,0
2025-07-31,0,0.5079055513383605,1
2025-08-01,0,0.6048547418134488,1
2025-08-02,0,0.5236755686101656,1
2025-08-03,1,0.46547567548948604,0
2025-08-04,0,0.5545488033650073,1
2025-08-05,0,0.5066483352562986,1
2025-08-06,1,0.49995463922357875,0
2025-08-07,1,0.4752918279903919,0
2025-08-08,0,0.5378276985116422,1
2025-08-09,1,0.4645011146916604,0
2025-08-10,1,0.46707682204534556,0
2025-08-11,0,0.6194364208084284,1
2025-08-12,1,0.47626266153759106,0
2025-08-13,1,0.49480577413112087,0
2025-08-14,0,0.6186947434238236,1
2025-08-15,0,0.41294091434990854,0
2025-08-16,0,0.43262999432885596,0
2025-08-17,0,0.5189868405754217,1
2025-08-18,0,0.5432817254211915,1
2025-08-19,0,0.49304534754710366,0
2025-08-20,1,0.5138590730634619,1
2025-08-21,0,0.48169126685255786,0
2025-08-22,1,0.537067515317973,1
2025-08-23,0,0.437004555610848,0
2025-08-24,0,0.4985915970684241,0
2025-08-25,0,0.4321915784546976,0
2025-08-26,1,0.5721238183916051,1
2025-08-27,1,0.5566195313861888,1
2025-08-28,0,0.5516890445675886,1
2025-08-29,0,0.5088209422517718,1
2025-08-30,1,0.5200322288475763,1
2025-08-31,0,0.5679073539834629,1
2025-09-01,1,0.5568087827807859,1
2025-09-02,1,0.48133937822245876,0
2025-09-03,1,0.4912276704695435,0
2025-09-04,0,0.5138182768163513,1
2025-09-05,0,0.4712467932204698,0
2025-09-06,1,0.5559662209808777,1
2025-09-07,1,0.6926175368775565,1
2025-09-08,0,0.6808211385845491,1
2025-09-09,1,0.6941350003423442,1
2025-09-10,1,0.6330718522232452,1
2025-09-11,1,0.6023352598546783,1
2025-09-12,0,0.6829541619873462,1
2025-09-13,0,0.5614783056031084,1
2025-09-14,1,0.5694242757749641,1
2025-09-15,1,0.5304471864841477,1
2025-09-16,0,0.49228810343921015,0
2025-09-17,1,0.628031658508916,1
2025-09-18,0,0.5690666915826414,1
2025-09-19,1,0.5475987579794565,1
2025-09-20,0,0.4260422176083949,0
2025-09-21,0,0.5176668702509167,1
2025-09-22,0,0.5440386737038154,1
2025-09-23,1,0.4795166900132266,0
2025-09-24,0,0.4521075392358685,0
2025-09-25,1,0.5642996694535121,1
2025-09-26,0,0.5175250508547214,1
2025-09-27,1,0.5927409007402855,1
2025-09-28,1,0.4834083270871751,0
2025-09-29,0,0.5413680155873091,1
2025-09-30,1,0.49791580347035064,0
2025-10-01,1,0.588328690594108,1
2025-10-02,1,0.6064349107238474,1
2025-10-03,1,0.4899863845694727,0
2025-10-04,1,0.5802715851498395,1
2025-10-05,1,0.562578758001643,1
2025-10-06,1,0.6703198834808178,1
2025-10-07,0,0.5479429144446595,1
2025-10-08,1,0.5729324225370405,1
2025-10-09,0,0.4515959888812882,0
2025-10-10,0,0.5110740218014868,1
2025-10-11,0,0.5913239270373649,1
2025-10-12,1,0.526545719451011,1
2025-10-13,0,0.44909937257460103,0
2025-10-14,0,0.5020979987118445,1
2025-10-15,0,0.4559982941775507,0
2025-10-16,0,0.5469361696626734,1
2025-10-17,0,0.5179066620248111,1
2025-10-18,0,0.6112541687231313,1
2025-10-19,1,0.6135614363615894,1
2025-10-20,1,0.5159731246795998,1
2025-10-21,0,0.589616976236317,1
2025-10-22,1,0.514986315600442,1
2025-10-23,1,0.5025378805390411,1
2025-10-24,1,0.5049544569074897,1
2025-10-25,1,0.4429999845402947,0
2025-10-26,1,0.4622846242943079,0
2025-10-27,0,0.5239390291308441,1
2025-10-28,0,0.4708639385678627,0
2025-10-29,0,0.4953704838749385,0
2025-10-30,0,0.5744381952295098,1
2025-10-31,0,0.5525329761329697,1
2025-11-01,1,0.488697685619437,0
2025-11-02,0,0.5391366216423826,1
2025-11-03,0,0.528259622564259,1
2025-11-04,0,0.5683923063620756,1
2025-11-05,1,0.6185149321935067,1
2025-11-06,0,0.5313448419009168,1
2025-11-07,1,0.628446147081394,1
2025-11-08,0,0.5004687007432427,1
2025-11-09,1,0.5898087606288004,1
2025-11-10,1,0.517745499008879,1
2025-11-11,0,0.5704455600433874,1
2025-11-12,0,0.443443475780724,0
2025-11-13,0,0.5479378112751818,1
2025-11-14,0,0.5760374944509286,1
2025-11-15,1,0.5760702034652115,1
2025-11-16,0,0.6295413278211826,1
2025-11-17,0,0.5005381516646982,1
2025-11-18,0,0.623719543410932,1
2025-11-19,1,0.6120688560883359,1
2025-11-20,0,0.5929981221248897,1
2025-11-21,0,0.5864804754945945,1
2025-11-22,1,0.5694869161286238,1
2025-11-23,1,0.6695271481791273,1
2025-11-24,1,0.5006882535121444,1
2025-11-25,0,0.4089739267085889,0
2025-11-26,1,0.6069567932331077,1
2025-11-27,1,0.3994553009172593,0
2025-11-28,1,0.5650314090260299,1
2025-11-29,0,0.4261993142915518,0
2025-11-30,0,0.5515744265458435,1
2025-12-01,0,0.617818828681572,1
2025-12-02,1,0.5355242610728413,1
2025-12-03,1,0.5368843659796086,1
2025-12-04,0,0.6494475601028838,1
2025-12-05,0,0.5821420211545902,1
2025-12-06,1,0.5705658151567756,1
2025-12-07,1,0.546905239434555,1
2025-12-08,0,0.5728127108816681,1
2025-12-09,1,0.5796481016228002,1
2025-12-10,0,0.5353386159564884,1
2025-12-11,1,0.5743497348706604,1
2025-12-12,0,0.5817541958515868,1
2025-12-13,1,0.6233042114386154,1
2025-12-14,0,0.5616350038079936,1
2025-12-15,0,0.5640248858117282,1
2025-12-16,1,0.5892818295019158,1
2025-12-17,0,0.5042576852550038,1
2025-12-18,0,0.5950953006693217,1
2025-12-19,1,0.4851215209652518,0
2025-12-20,1,0.5609783195727069,1
2025-12-21,1,0.5176027339368781,1
2025-12-22,0,0.5753515979735768,1
2025-12-23,0,0.5503103932838854,1
2025-12-24,0,0.5103443754695199,1
2025-12-25,0,0.415588736472464,0
2025-12-26,1,0.5824949997466691,1
2025-12-27,1,0.4946698355022311,0
2025-12-28,1,0.47665457324883426,0
2025-12-29,0,0.5612248202692518,1
2025-12-30,1,0.4758353637437611,0
2025-12-31,0,0.4708192520121295,0
2026-01-01,1,0.5396204065671559,1
2026-01-02,1,0.5559299047121438,1
2026-01-03,1,0.49892765102023245,0
2026-01-04,1,0.6681592321675444,1
2026-01-05,1,0.694442820651089,1
2026-01-06,0,0.5202054352603044,1
2026-01-07,0,0.6111996125982864,1
2026-01-08,0,0.45125329678144654,0
2026-01-09,0,0.5431034373079324,1
2026-01-10,0,0.5611912377060009,1
2026-01-11,1,0.536667156106713,1
2026-01-12,0,0.6501743307441947,1
2026-01-13,1,0.49079482124994706,0
2026-01-14,1,0.5404168136606213,1
2026-01-15,0,0.6475630675279378,1
2026-01-16,0,0.49352239249796764,0
2026-01-17,0,0.484819606691655,0
2026-01-18,0,0.5248356443418916,1
2026-01-19,1,0.7061832357509225,1
2026-01-20,0,0.5774752506142411,1
2026-01-21,1,0.587290070340795,1
2026-01-22,0,0.554715733107076,1
2026-01-23,0,0.49708229633265816,0
2026-01-24,0,0.4759525183819308,0
2026-01-25,0,0.48592485243409356,0
2026-01-26,1,0.5597822184128888,1
2026-01-27,1,0.4601811600658051,0
2026-01-28,0,0.42978209363635617,0
2026-01-29,0,0.5333964576003701,1
2026-01-30,1,0.7530483477518741,1
2026-01-31,0,0.650568523254187,1
2026-02-01,0,0.6800181456063016,1
2026-02-02,1,0.5835313707843208,1
2026-02-03,0,0.5692125741565636,1
2026-02-04,0,0.4702532805532816,0
2026-02-05,0,0.7170601989512173,1
2026-02-06,1,0.8186148635442607,1
2026-02-07,0,0.7002611898844947,1
2026-02-08,1,0.506674280831316,1
2026-02-09,1,0.47586147924241573,0
2026-02-10,0,0.3746131245652226,0
2026-02-11,0,0.5059808354628488,1
2026-02-12,0,0.5379383005270939,1
2026-02-13,1,0.5370420099177069,1
2026-02-14,1,0.48611891858343875,0
2026-02-15,0,0.5094871438379798,1
2026-02-16,1,0.33936817488161375,0
2026-02-17,0,0.35407566965407783,0
2026-02-18,0,0.3768105301614356,0
2026-02-19,1,0.5010774830251852,1
2026-02-20,1,0.488872916283802,0
2026-02-21,1,0.37128073049206856,0
2026-02-22,0,0.5666591270632118,1
2026-02-23,0,0.689159826348202,1
2026-02-24,1,0.5919139448152437,1
2026-02-25,1,0.5050099571673401,1
2026-02-26,0,0.48142965862777604,0
2026-02-27,0,0.5178161340887234,1
2026-02-28,1,0.46127615630162744,0
2026-03-01,0,0.6275066524765205,1
2026-03-02,1,0.45339323262116155,0
2026-03-03,0,0.5070679531218608,1
2026-03-04,1,0.551535648955914,1
2026-03-05,0,0.6127689572559478,1
2026-03-06,0,0.5173348916061958,1
2026-03-07,0,0.5064532488477301,1
2026-03-08,0,0.5564107682878655,1
2026-03-09,1,0.5654784066923936,1
2026-03-10,1,0.5323475493346708,1
2026-03-11,0,0.5631247654146907,1
2026-03-12,1,0.48524663180406213,0
2026-03-13,0,0.6439270554523412,1
2026-03-14,1,0.5344134856471093,1
2026-03-15,1,0.5821394972466757,1
2026-03-16,1,0.5116158488539283,1
2026-03-17,0,0.7675744269103366,1
2026-03-18,0,0.7327706460318495,1
2026-03-19,1,0.6703100342869851,1
2026-03-20,0,0.6141180286755884,1
2026-03-21,0,0.6207763253599665,1
2026-03-22,1,0.6700491443977217,1
2026-03-23,0,0.5573984583221548,1
2026-03-24,1,0.41941069576825935,0
2026-03-25,0,0.5987333379209373,1
2026-03-26,0,0.5918117585499808,1
2026-03-27,0,0.6141385847902237,1
2026-03-28,0,0.5491100354947424,1
2026-03-29,1,0.5137331727505137,1
2026-03-30,1,0.4782801115168785,0
2026-03-31,0,0.4852658746509201,0
2026-04-01,0,0.5725846813787033,1
2026-04-02,1,0.5282507607780077,1
2026-04-03,1,0.45090207302668867,0
2026-04-04,1,0.4643837159882361,0
2026-04-05,0,0.5467433660164613,1
2026-04-06,1,0.5064361534269135,1
2026-04-07,0,0.5191405270299883,1
2026-04-08,1,0.5346824214547984,1
2026-04-09,1,0.49136881017335443,0
2026-04-10,1,0.5577514470155679,1
2026-04-11,0,0.49761648859056806,0
2026-04-12,1,0.5734157951695875,1
2026-04-13,0,0.5737286107543943,1
2026-04-14,1,0.5793850113179165,1
2026-04-15,1,0.4733214160080243,0
2026-04-16,1,0.6018373417056374,1
2026-04-17,0,0.641552472201314,1
2026-04-18,0,0.5202407929446775,1
2026-04-19,1,0.5048371096463173,1
2026-04-20,1,0.5384099986671541,1
2026-04-21,1,0.5342271610462185,1
2026-04-22,1,0.5118660462809712,1
2026-04-23,0,0.5725794621802632,1
2026-04-24,1,0.5538803560293716,1
2026-04-25,1,0.42094078650951194,0
2026-04-26,0,0.5445286837876693,1
2026-04-27,0,0.559497764111267,1
2026-04-28,0,0.4693967747885604,0
2026-04-29,1,0.5185084157649567,1
2026-04-30,1,0.46947289522674834,0
2026-05-01,1,0.53943782373647,1
2026-05-02,0,0.4523750773307566,0
2026-05-03,1,0.48032002830688175,0
2026-05-04,1,0.5784188930973821,1
2026-05-05,1,0.5091505766939086,1
2026-05-06,0,0.5423157939044762,1
2026-05-07,1,0.486386074123789,0
2026-05-08,1,0.4661874605099011,0
2026-05-09,1,0.6103814577302595,1
2026-05-10,0,0.5504671563984559,1
2026-05-11,0,0.5514916897917448,1
2026-05-12,0,0.49593530700209804,0
2026-05-13,1,0.47847691446997165,0
2026-05-14,0,0.5321868345052578,1
2026-05-15,0,0.4900653021199842,0
2026-05-16,0,0.5024346250445402,1
2026-05-17,0,0.504504250884677,1
2026-05-18,0,0.506226304137383,1
2026-05-19,1,0.4740406319266682,0
2026-05-20,1,0.4563018522912899,0
2026-05-21,0,0.46341284423843476,0
2026-05-22,1,0.5568869774764404,1
2026-05-23,1,0.4991891132239064,0
2026-05-24,1,0.4978853505457481,0
2026-05-25,0,0.4712494541539651,0
2026-05-26,0,0.4788921571324969,0
2026-05-27,0,0.5194036862313658,1
2026-05-28,0,0.586143708760363,1
2026-05-29,1,0.5297545380263853,1
2026-05-30,0,0.5517173384524884,1
2026-05-31,0,0.5537993060823803,1
2026-06-01,0,0.4819438857784812,0
2026-06-02,0,0.6694228017358228,1
2026-06-03,0,0.6014443707401652,1
2026-06-04,0,0.6505760048442389,1
2026-06-05,1,0.7572712351697877,1
2026-06-06,1,0.6730054384828598,1
2026-06-07,0,0.6119491032423616,1
2026-06-08,0,0.6016036708753844,1
2026-06-09,0,0.5093998453891149,1
2026-06-10,1,0.6227369124151104,1
2026-06-11,0,0.5536458763143177,1
2026-06-12,1,0.45694062216419723,0
2026-06-13,1,0.43217648392957286,0
2026-06-14,1,0.42665888498819304,0
2026-06-15,0,0.4438203274584715,0
