date,y_true,prob_LogReg,pred_LogReg,prob_RandomForest,pred_RandomForest,prob_XGBoost,pred_XGBoost
2024-09-25,1,0.5273622531463139,1,0.49386460205412364,0,0.49324235,0
2024-09-26,1,0.5281970681468898,1,0.5270131935668562,1,0.48485085,0
2024-09-27,1,0.5335870133793187,1,0.553427505287575,1,0.54076385,1
2024-09-28,0,0.528833165794889,1,0.5606134394556582,1,0.5639743,1
2024-09-29,0,0.5552864913598895,1,0.5488320358662352,1,0.56357837,1
2024-09-30,0,0.5338934117303666,1,0.5182167713233302,1,0.52414066,1
2024-10-01,0,0.5404297662138969,1,0.5439840097400974,1,0.58641213,1
2024-10-02,1,0.5180628267754881,1,0.5282232418914701,1,0.54807645,1
2024-10-03,1,0.5172373358072581,1,0.5200028612530246,1,0.5541367,1
2024-10-04,0,0.5416200589178428,1,0.5149600084870516,1,0.5460393,1
2024-10-05,1,0.5373244205612225,1,0.5098538738619812,1,0.53151435,1
2024-10-06,0,0.5394050155692738,1,0.5077538916421707,1,0.5262206,1
2024-10-07,0,0.5406535758624648,1,0.5243172738904487,1,0.50796276,1
2024-10-08,0,0.5221865848532101,1,0.5071516796267262,1,0.47442397,0
2024-10-09,0,0.5349218688601795,1,0.5331341869461125,1,0.56196713,1
2024-10-10,1,0.5197096410941302,1,0.5378654591344275,1,0.5628301,1
2024-10-11,1,0.5042271086506139,1,0.5086642078107739,1,0.51484525,1
2024-10-12,0,0.5074473565422705,1,0.5230121682909247,1,0.55532676,1
2024-10-13,1,0.5444368704149686,1,0.5022683069810302,1,0.44636458,0
2024-10-14,1,0.538716168691592,1,0.5341143475572258,1,0.5080922,1
2024-10-15,1,0.5116015753570483,1,0.540924920369143,1,0.5123637,1
2024-10-16,0,0.5396844941834289,1,0.5296821361715917,1,0.46711248,0
2024-10-17,1,0.5480680438309744,1,0.5322000420090389,1,0.47314802,0
2024-10-18,0,0.5176588466580175,1,0.5220613905077582,1,0.50271976,1
2024-10-19,1,0.508936719502379,1,0.523774836922475,1,0.40244007,0
2024-10-20,0,0.5453151731148207,1,0.5250823865184862,1,0.4183627,0
2024-10-21,1,0.5604937487567423,1,0.5458737761219589,1,0.57502866,1
2024-10-22,0,0.5381993774935344,1,0.5379984823203691,1,0.5001096,1
2024-10-23,1,0.5296558675211167,1,0.5421904039515502,1,0.5905728,1
2024-10-24,0,0.5369352607648076,1,0.5452975057802183,1,0.60694563,1
2024-10-25,1,0.564483122552204,1,0.5420836746427093,1,0.583713,1
2024-10-26,1,0.5349162784630974,1,0.5369216546330172,1,0.58216023,1
2024-10-27,1,0.5247061084329548,1,0.5223831690424784,1,0.51129097,1
2024-10-28,1,0.5315727367741047,1,0.5408883697773734,1,0.5677219,1
2024-10-29,0,0.5640993942049196,1,0.5543304173889276,1,0.5687477,1
2024-10-30,0,0.5467577271339157,1,0.5423650181577045,1,0.5298003,1
2024-10-31,0,0.5302032676768261,1,0.5213311328963018,1,0.50533694,1
2024-11-01,0,0.5104377595214318,1,0.5292470018098993,1,0.5353281,1
2024-11-02,0,0.4597060640998051,0,0.527725035577008,1,0.44784126,0
2024-11-03,0,0.5360785316454251,1,0.5195516838332044,1,0.5354175,1
2024-11-04,1,0.5435984924561146,1,0.528956095248644,1,0.5614911,1
2024-11-05,1,0.5287130920792112,1,0.534592989981071,1,0.5434253,1
2024-11-06,1,0.5350787057250527,1,0.5459605149233959,1,0.49120337,0
2024-11-07,1,0.5217246161572041,1,0.5458319977172148,1,0.5864749,1
2024-11-08,1,0.5609098928144423,1,0.520690269280417,1,0.45952934,0
2024-11-09,1,0.5050122035650986,1,0.5151595100612085,1,0.4202899,0
2024-11-10,1,0.4740147176458281,0,0.5168379281582922,1,0.471261,0
2024-11-11,0,0.46121174390543057,0,0.5028324984360858,1,0.49553952,0
2024-11-12,1,0.5331238319813666,1,0.513380593246238,1,0.45259374,0
2024-11-13,0,0.526999980487354,1,0.5216317626313958,1,0.5202463,1
2024-11-14,1,0.45624246856171863,0,0.5053416296708994,1,0.44325885,0
2024-11-15,0,0.40142321157629635,0,0.5148632204085025,1,0.4951741,0
2024-11-16,0,0.4736358432904318,0,0.5085873232824262,1,0.42313632,0
2024-11-17,1,0.4919300692183039,0,0.5171682580319324,1,0.47862983,0
2024-11-18,1,0.5271026074407676,1,0.5143785824608733,1,0.48785272,0
2024-11-19,1,0.4775086824057273,0,0.5189364759188478,1,0.5398987,1
2024-11-20,1,0.5095354861136073,1,0.522762290948826,1,0.49171433,0
2024-11-21,1,0.5377229086258559,1,0.5405734271006488,1,0.44369057,0
2024-11-22,0,0.5130469914485866,1,0.5229597765690288,1,0.5286583,1
2024-11-23,1,0.5060809085908275,1,0.5243736014323289,1,0.49715444,0
2024-11-24,0,0.4862265229977788,0,0.5053346702711133,1,0.47465333,0
2024-11-25,0,0.46768868751017567,0,0.5321423102923526,1,0.5464455,1
2024-11-26,1,0.49473372222539014,0,0.5350104500428021,1,0.55166835,1
2024-11-27,0,0.4552617324654328,0,0.5364718110269006,1,0.51834536,1
2024-11-28,1,0.4714644753737156,0,0.5218509826905525,1,0.4471138,0
2024-11-29,0,0.5114839354924549,1,0.5384277474797853,1,0.45048028,0
2024-11-30,1,0.49540701567177753,0,0.5263368402048999,1,0.5036436,1
2024-12-01,0,0.47810967070839,0,0.525199949667916,1,0.42450997,0
2024-12-02,1,0.5029418586962756,1,0.5103986133887009,1,0.4659144,0
2024-12-03,1,0.500839122139656,1,0.515358081979452,1,0.4983539,0
2024-12-04,0,0.5032979395868799,1,0.5346932586035391,1,0.5374146,1
2024-12-05,1,0.5170352025772921,1,0.5311645116116165,1,0.49418405,0
2024-12-06,1,0.48883119139065556,0,0.5470601102983271,1,0.5529787,1
2024-12-07,1,0.4842267313781535,0,0.5335254185206315,1,0.4784166,0
2024-12-08,0,0.47057513177644145,0,0.5386136837444074,1,0.4943991,0
2024-12-09,0,0.5176065185509556,1,0.5207852119928442,1,0.5344376,1
2024-12-10,1,0.4909010938995628,0,0.5197285809633185,1,0.5179151,1
2024-12-11,0,0.44880295716239105,0,0.5186467462014427,1,0.5173977,1
2024-12-12,1,0.4672631754676182,0,0.5074342026657784,1,0.4347758,0
2024-12-13,0,0.5077623978628393,1,0.5291457250795518,1,0.490787,0
2024-12-14,1,0.4958131661799061,0,0.5054756720012912,1,0.42719832,0
2024-12-15,1,0.45024243325176616,0,0.532659532100137,1,0.45693505,0
2024-12-16,1,0.4940074815344785,0,0.5304559114283285,1,0.49481618,0
2024-12-17,0,0.4999223870369436,0,0.5339227916271936,1,0.5138402,1
2024-12-18,0,0.5265659546260174,1,0.5164772106785556,1,0.5420342,1
2024-12-19,1,0.48512024888000504,0,0.5153658192546599,1,0.4899248,0
2024-12-20,0,0.4745292438445113,0,0.52398923636503,1,0.5418713,1
2024-12-21,0,0.4928285640965691,0,0.507783239453986,1,0.42369017,0
2024-12-22,0,0.5514739805409843,1,0.5231231506291288,1,0.44375595,0
2024-12-23,1,0.5434488848019855,1,0.5233771796043272,1,0.54249346,1
2024-12-24,1,0.47859211270568974,0,0.5079287299653069,1,0.47274667,0
2024-12-25,0,0.5032334016525668,1,0.49390683720292067,0,0.44227478,0
2024-12-26,0,0.5583186256159838,1,0.5147694097492536,1,0.48928425,0
2024-12-27,1,0.544611868776048,1,0.5316590900917232,1,0.5288762,1
2024-12-28,0,0.45907719464286223,0,0.491858398112264,0,0.40583077,0
2024-12-29,0,0.5051935235861268,1,0.5115749079652215,1,0.51891434,1
2024-12-30,1,0.5551741038547043,1,0.5336325374498901,1,0.60116094,1
2024-12-31,1,0.5248547130449908,1,0.5092449098971744,1,0.5216119,1
2025-01-01,1,0.5216426798042263,1,0.4798954246506985,0,0.4609889,0
2025-01-02,1,0.5548151199868162,1,0.48864832988937384,0,0.4879743,0
2025-01-03,1,0.5584129196719083,1,0.48429047674434483,0,0.50498044,1
2025-01-04,1,0.5503011383340518,1,0.4771299623107099,0,0.4907894,0
2025-01-05,1,0.529376589412151,1,0.5050305039621166,1,0.49052745,0
2025-01-06,0,0.5035706596628673,1,0.5235619606953027,1,0.51372087,1
2025-01-07,0,0.5349186069431663,1,0.5184346691263167,1,0.46867093,0
2025-01-08,0,0.5525074268773805,1,0.5331946919488657,1,0.54987097,1
2025-01-09,1,0.5467807964919592,1,0.5288598331097694,1,0.5362543,1
2025-01-10,0,0.5086672260153069,1,0.5050591652297886,1,0.44041845,0
2025-01-11,0,0.5410409802676689,1,0.4782902111343906,0,0.4749271,0
2025-01-12,0,0.5688170558929644,1,0.48699145058726867,0,0.48125148,0
2025-01-13,1,0.5866834369098862,1,0.5159053612431211,1,0.5180544,1
2025-01-14,1,0.5325788773333353,1,0.4886129521971583,0,0.43969354,0
2025-01-15,0,0.5323292009650692,1,0.5035669260286456,1,0.42980734,0
2025-01-16,1,0.5587033219810134,1,0.5264865970409658,1,0.5265698,1
2025-01-17,1,0.5395171904093522,1,0.49173555529484986,0,0.38853055,0
2025-01-18,0,0.5091899154374347,1,0.5071330931407441,1,0.43901172,0
2025-01-19,1,0.5229658245328483,1,0.5093664591891773,1,0.44301108,0
2025-01-20,1,0.5650398440747068,1,0.5086584485951985,1,0.4564353,0
2025-01-21,0,0.46817782282832915,0,0.5156680049646689,1,0.46443638,0
2025-01-22,1,0.5025819829877418,1,0.4811413900590652,0,0.4280343,0
2025-01-23,1,0.5667279111668286,1,0.51355467830487,1,0.47990018,0
2025-01-24,0,0.503773779424745,1,0.49456984096848117,0,0.44716406,0
2025-01-25,0,0.49285260582185675,0,0.4986383515319767,0,0.4219698,0
2025-01-26,0,0.5403033910743404,1,0.5001118575305502,1,0.4967201,0
2025-01-27,0,0.5652319182616514,1,0.5471448272068741,1,0.53601605,1
2025-01-28,1,0.5185559818844496,1,0.517315289467719,1,0.52886,1
2025-01-29,1,0.5176914998683935,1,0.5279804647222086,1,0.5824786,1
2025-01-30,0,0.5377647324991695,1,0.529251145692989,1,0.52101505,1
2025-01-31,0,0.5552978438410613,1,0.5247097270895209,1,0.49984604,0
2025-02-01,0,0.5323587695892535,1,0.5220546847357723,1,0.5692518,1
2025-02-02,1,0.5381056244414824,1,0.5527214827051752,1,0.6051255,1
2025-02-03,0,0.517614827179618,1,0.5428834207384536,1,0.5470854,1
2025-02-04,0,0.5591901869758374,1,0.5428711029360402,1,0.5703512,1
2025-02-05,0,0.5693337786177916,1,0.5354300608319549,1,0.5604,1
2025-02-06,0,0.5544850745408897,1,0.5115327729221284,1,0.527136,1
2025-02-07,0,0.5216241477036505,1,0.5145413814812492,1,0.5087489,1
2025-02-08,1,0.5610185857269296,1,0.5144590299155128,1,0.58868736,1
2025-02-09,1,0.5717520713750359,1,0.5106830588796659,1,0.5198721,1
2025-02-10,0,0.5485829481977013,1,0.49464636443020593,0,0.4499965,0
2025-02-11,1,0.5447445721455166,1,0.5145091212266097,1,0.51959765,1
2025-02-12,0,0.5469944357983478,1,0.4931315535197737,0,0.46643242,0
2025-02-13,1,0.549617048918015,1,0.4892551689521784,0,0.5109316,1
2025-02-14,1,0.5337234108669985,1,0.4876115093451539,0,0.4773251,0
2025-02-15,0,0.5328703567510525,1,0.5081377961431485,1,0.4637029,0
2025-02-16,0,0.5292518757804611,1,0.5221294679961993,1,0.56783354,1
2025-02-17,0,0.5413958305650768,1,0.5403272731042118,1,0.63283515,1
2025-02-18,1,0.5289234789204471,1,0.5138573915300158,1,0.49587792,0
2025-02-19,1,0.5266304876693984,1,0.5001174452416773,1,0.49786878,0
2025-02-20,0,0.5409553012729582,1,0.4850820427878351,0,0.4524431,0
2025-02-21,1,0.5550348967143438,1,0.5027490143179949,1,0.440671,0
2025-02-22,0,0.5326702653838687,1,0.5271983203703284,1,0.5308186,1
2025-02-23,0,0.51815523033081,1,0.5467675425171726,1,0.52158123,1
2025-02-24,0,0.5710938569487577,1,0.5592394290384127,1,0.6116064,1
2025-02-25,0,0.6313536282512571,1,0.5564324305692115,1,0.5010842,1
2025-02-26,1,0.590723844328186,1,0.5651087018291487,1,0.53814775,1
2025-02-27,0,0.5645695015321444,1,0.5637617769486666,1,0.5831119,1
2025-02-28,1,0.614057899502354,1,0.571988849866939,1,0.6040688,1
2025-03-01,1,0.5806569423186695,1,0.5211678312606484,1,0.5319685,1
2025-03-02,0,0.5806651673458585,1,0.5147846951862394,1,0.48311394,0
2025-03-03,1,0.6021458219428288,1,0.5242847770211414,1,0.54784745,1
2025-03-04,1,0.5822057418527821,1,0.5321654430531434,1,0.5835346,1
2025-03-05,0,0.4966122790927523,0,0.47815478604477685,0,0.45034564,0
2025-03-06,0,0.4610876884250143,0,0.4774577726986279,0,0.4442686,0
2025-03-07,0,0.619395144685372,1,0.51191492478824,1,0.53097045,1
2025-03-08,0,0.5361283946508261,1,0.46480441526381916,0,0.3685717,0
2025-03-09,0,0.5514017565924447,1,0.5554417748253712,1,0.59488326,1
2025-03-10,1,0.5844520460525852,1,0.5619497771269297,1,0.6577723,1
2025-03-11,1,0.5494533952010178,1,0.5293399588252954,1,0.56166434,1
2025-03-12,0,0.5640209254665944,1,0.5022018312167787,1,0.45949757,0
2025-03-13,1,0.6030308933223214,1,0.5232351435101051,1,0.5733922,1
2025-03-14,1,0.5624841037156166,1,0.48157388324779193,0,0.43985286,0
2025-03-15,0,0.49520032966597105,0,0.4677669974794974,0,0.501291,1
2025-03-16,1,0.548171701130212,1,0.4838953318787257,0,0.43086416,0
2025-03-17,0,0.5389839592673391,1,0.4705239358405191,0,0.46379986,0
2025-03-18,1,0.5093661264128043,1,0.47986948637058663,0,0.47895733,0
2025-03-19,0,0.4872689630993302,0,0.4329289660260867,0,0.36293218,0
2025-03-20,0,0.5219932977039022,1,0.45925275224505385,0,0.46466672,0
2025-03-21,0,0.5244789462642073,1,0.47418795322651375,0,0.4838135,0
2025-03-22,1,0.5160851296159434,1,0.45021215718202606,0,0.42531523,0
2025-03-23,1,0.470655353595188,0,0.45117836301503367,0,0.35322857,0
2025-03-24,0,0.5362908422271386,1,0.4614689748448055,0,0.3314674,0
2025-03-25,0,0.5322677776100263,1,0.4555777102107068,0,0.42319804,0
2025-03-26,1,0.5151593088437039,1,0.4449814169067018,0,0.36818153,0
2025-03-27,0,0.4986988947566682,0,0.4471974696382031,0,0.32439128,0
2025-03-28,0,0.5208227441227656,1,0.46211790691840804,0,0.35288057,0
2025-03-29,0,0.5385583055372974,1,0.5068224903463019,1,0.5145866,1
2025-03-30,1,0.5198935094387425,1,0.5255272934009588,1,0.5584616,1
2025-03-31,1,0.5267479268336894,1,0.5205571658319492,1,0.5609803,1
2025-04-01,0,0.5325643187363778,1,0.49187870729261185,0,0.42469624,0
2025-04-02,1,0.5876774281245164,1,0.5251731977035615,1,0.55335367,1
2025-04-03,1,0.5599158303803466,1,0.4978480985361378,0,0.4555267,0
2025-04-04,0,0.5399331344822014,1,0.4919384568612791,0,0.44659835,0
2025-04-05,0,0.4991252242959075,0,0.472537730931652,0,0.3595523,0
2025-04-06,1,0.60500705648138,1,0.545084916076985,1,0.5428784,1
2025-04-07,0,0.582935207852466,1,0.5439870150207908,1,0.50401264,1
2025-04-08,1,0.5402932861849562,1,0.5296769979070087,1,0.5047603,1
2025-04-09,0,0.5402407824774077,1,0.5229855129139529,1,0.47837403,0
2025-04-10,1,0.5752329418045262,1,0.5186324362568994,1,0.55864525,1
2025-04-11,1,0.5423544234565422,1,0.5015490463596768,1,0.5243478,1
2025-04-12,0,0.4990765415155325,0,0.4678915070072373,0,0.46036828,0
2025-04-13,1,0.4895283431021736,0,0.482012753398238,0,0.4459164,0
2025-04-14,0,0.5350952624474526,1,0.4514937216953981,0,0.3478129,0
2025-04-15,1,0.48649071718401893,0,0.451438470727027,0,0.38858852,0
2025-04-16,1,0.4783865551402717,0,0.42310122640717795,0,0.31178576,0
2025-04-17,0,0.5058684087763109,1,0.4451874442447316,0,0.34007767,0
2025-04-18,1,0.4896743727162172,0,0.440313698921098,0,0.3344715,0
2025-04-19,1,0.5284739683355103,1,0.4938704739832529,0,0.3733636,0
2025-04-20,1,0.49690712778973967,0,0.476395653521417,0,0.36161435,0
2025-04-21,1,0.5151113714627303,1,0.5259579013914314,1,0.49536628,0
2025-04-22,1,0.495444457518493,0,0.53497154352591,1,0.48446944,0
2025-04-23,1,0.5001343578484292,1,0.5120768889439018,1,0.54305726,1
2025-04-24,1,0.5230523721304332,1,0.5201676678558361,1,0.5098707,1
2025-04-25,0,0.5038390087353679,1,0.5145660778005897,1,0.470484,0
2025-04-26,0,0.4634379001677974,0,0.5077686429150545,1,0.36543006,0
2025-04-27,1,0.5259672394352202,1,0.4803808601534192,0,0.32412523,0
2025-04-28,0,0.5287162161553828,1,0.5130001252121557,1,0.48052976,0
2025-04-29,0,0.5309078087268,1,0.48321768027245054,0,0.41274703,0
2025-04-30,1,0.5433283281129557,1,0.48938180761808764,0,0.47269467,0
2025-05-01,1,0.5518789012597244,1,0.5258061231378499,1,0.50828665,1
2025-05-02,0,0.5536773466480884,1,0.5435003158314697,1,0.53514785,1
2025-05-03,0,0.5595002796846886,1,0.5571449297760623,1,0.54251885,1
2025-05-04,1,0.5519373464650408,1,0.5285876319678473,1,0.51681954,1
2025-05-05,1,0.5284214791553838,1,0.5439134311136163,1,0.5523886,1
2025-05-06,1,0.5243701590211333,1,0.5374933164864955,1,0.5414466,1
2025-05-07,1,0.5546000420943726,1,0.5256417018400218,1,0.5114656,1
2025-05-08,0,0.5567127639368207,1,0.5498282441640846,1,0.54182696,1
2025-05-09,1,0.5429084506116465,1,0.5125542155916321,1,0.45370254,0
2025-05-10,0,0.521693099937615,1,0.523298750516778,1,0.44751891,0
2025-05-11,0,0.537067017332014,1,0.5219722654881799,1,0.4610245,0
2025-05-12,1,0.5109706556940836,1,0.5242845527820195,1,0.4569555,0
2025-05-13,0,0.5255437530625879,1,0.5240986647959067,1,0.47401127,0
2025-05-14,1,0.5232272649904325,1,0.5311853071588635,1,0.47921342,0
2025-05-15,0,0.5526801333454744,1,0.5311394273024992,1,0.5362567,1
2025-05-16,0,0.5645553052057491,1,0.5431469179609241,1,0.5693434,1
2025-05-17,1,0.5438711767515787,1,0.5399705178455936,1,0.50956875,1
2025-05-18,0,0.5731865833501854,1,0.5627440471985218,1,0.61023563,1
2025-05-19,1,0.5571554880130182,1,0.5543826162173449,1,0.55755216,1
2025-05-20,1,0.5664781718854723,1,0.5539251221792617,1,0.6058805,1
2025-05-21,1,0.5800442140772798,1,0.5440223216498826,1,0.55024797,1
2025-05-22,0,0.5419159893716049,1,0.5557432148884306,1,0.54382634,1
2025-05-23,1,0.5545749264331777,1,0.5230775390718689,1,0.5629638,1
2025-05-24,1,0.5152677489755187,1,0.5278961739401978,1,0.5208357,1
2025-05-25,1,0.48976097738375074,0,0.5298908683625925,1,0.48247904,0
2025-05-26,0,0.4955533339109723,0,0.5401497439212013,1,0.4842851,0
2025-05-27,0,0.548589822802777,1,0.526280936264648,1,0.53603786,1
2025-05-28,0,0.5404851117421887,1,0.5141637594016318,1,0.44845167,0
2025-05-29,0,0.5240769907653647,1,0.5278840206953006,1,0.5275898,1
2025-05-30,1,0.5401454497008099,1,0.5228629978364107,1,0.53822184,1
2025-05-31,1,0.5300580822551885,1,0.5290639404671336,1,0.52840775,1
2025-06-01,1,0.5388161309239508,1,0.508308797934696,1,0.42741206,0
2025-06-02,0,0.5379925424378826,1,0.5360209124162041,1,0.55024934,1
2025-06-03,0,0.5478792631466401,1,0.5527215957022763,1,0.5853123,1
2025-06-04,0,0.538689229510173,1,0.548926242013721,1,0.5532398,1
2025-06-05,1,0.5366075596139571,1,0.5545482249158318,1,0.59337455,1
2025-06-06,1,0.5206408608179284,1,0.5261227131548966,1,0.5165206,1
2025-06-07,1,0.5167049110619415,1,0.4987619388166511,0,0.48617697,0
2025-06-08,1,0.5386830960471046,1,0.5189484110176733,1,0.5346656,1
2025-06-09,1,0.5405188331708374,1,0.5361268419861535,1,0.5576131,1
2025-06-10,0,0.5186042012964774,1,0.522080274742876,1,0.5177233,1
2025-06-11,0,0.5268515754797982,1,0.5039465501174919,1,0.44783744,0
2025-06-12,1,0.5417784704575875,1,0.531000292834527,1,0.52365446,1
2025-06-13,0,0.5115839054001745,1,0.529563075858144,1,0.5300271,1
2025-06-14,1,0.5057661712908194,1,0.5083995261927149,1,0.46847096,0
2025-06-15,1,0.5258029068096584,1,0.5200073451221219,1,0.5408754,1
2025-06-16,0,0.5441492051393776,1,0.5335388045131052,1,0.5435614,1
2025-06-17,1,0.5371002599360908,1,0.52130683633588,1,0.51289886,1
2025-06-18,0,0.5328722301545131,1,0.5204811835925248,1,0.5193038,1
2025-06-19,0,0.5241767943990956,1,0.5568291644561036,1,0.63022673,1
2025-06-20,0,0.5383455226707468,1,0.5542513879478321,1,0.58694243,1
2025-06-21,0,0.5427979411512729,1,0.5531317117830935,1,0.61369866,1
2025-06-22,1,0.5540093555312067,1,0.5590819860098653,1,0.5513253,1
2025-06-23,1,0.5272287939489986,1,0.5054021898118393,1,0.44503364,0
2025-06-24,1,0.5269452662585342,1,0.4951939035408091,0,0.4844887,0
2025-06-25,0,0.5525911004436218,1,0.5115264589316844,1,0.43833482,0
2025-06-26,1,0.5407281558092107,1,0.5151945899669496,1,0.5212191,1
2025-06-27,1,0.5081327936807634,1,0.5280287126273041,1,0.52113825,1
2025-06-28,1,0.5081466787879937,1,0.5058575023005653,1,0.39375645,0
2025-06-29,0,0.5329395693075145,1,0.5320435112769321,1,0.520967,1
2025-06-30,0,0.5273126350413793,1,0.5323129819765823,1,0.5197613,1
2025-07-01,1,0.5205488934325229,1,0.5158108658019629,1,0.480351,0
2025-07-02,1,0.5125987936873548,1,0.5556014275780515,1,0.5223791,1
2025-07-03,0,0.5181948671386043,1,0.5594674624563126,1,0.5742867,1
2025-07-04,1,0.5403396738658753,1,0.5221069659869277,1,0.53370196,1
2025-07-05,0,0.5126661763324873,1,0.5354804282441742,1,0.49157515,0
2025-07-06,1,0.4848113554743275,0,0.5180372233899135,1,0.41254276,0
2025-07-07,0,0.4996454934069913,0,0.5464494856171686,1,0.43926913,0
2025-07-08,1,0.5184208315554313,1,0.5376225039788387,1,0.4500215,0
2025-07-09,1,0.5115037795666395,1,0.5244659854623656,1,0.42283916,0
2025-07-10,1,0.5049498049240513,1,0.5397729334797664,1,0.46469438,0
2025-07-11,1,0.4920063164861352,0,0.524771352347456,1,0.36872625,0
2025-07-12,0,0.5169073616333142,1,0.5340423213518781,1,0.40261486,0
2025-07-13,1,0.5287545922338742,1,0.5329221457630859,1,0.39742017,0
2025-07-14,0,0.5047567908560223,1,0.5525467591021638,1,0.39441183,0
2025-07-15,0,0.5041979399958268,1,0.5574112744028563,1,0.44466457,0
2025-07-16,1,0.5062367581237136,1,0.534242684289836,1,0.3387637,0
2025-07-17,1,0.5291665304650827,1,0.541033285659809,1,0.4341781,0
2025-07-18,0,0.5209993789519108,1,0.5532352342870306,1,0.4833611,0
2025-07-19,0,0.5232242425424719,1,0.5057184830712447,1,0.34129038,0
2025-07-20,0,0.5365896583003796,1,0.5279630529865862,1,0.46929905,0
2025-07-21,0,0.5342542236615604,1,0.5826534853046064,1,0.5187113,1
2025-07-22,1,0.543058548865197,1,0.5806421472705168,1,0.64721394,1
2025-07-23,0,0.5490987921802678,1,0.5672357661496812,1,0.56240606,1
2025-07-24,0,0.563572346572081,1,0.5738356105610574,1,0.5573381,1
2025-07-25,1,0.6206494136496624,1,0.5807970483841229,1,0.61846364,1
2025-07-26,1,0.5283665258711029,1,0.5703252471583811,1,0.5144239,1
2025-07-27,1,0.525248299061043,1,0.5541243517357474,1,0.4984437,0
2025-07-28,0,0.5490540881943847,1,0.5914895284754053,1,0.6133815,1
2025-07-29,1,0.5463078022458228,1,0.581017789137955,1,0.5842812,1
2025-07-30,1,0.5279484191435739,1,0.5603370346591791,1,0.54648507,1
2025-07-31,0,0.5464885663765443,1,0.613473120167895,1,0.6683762,1
2025-08-01,0,0.59938960245971,1,0.6248200562388232,1,0.7538997,1
2025-08-02,0,0.5432798508346788,1,0.6052743096048939,1,0.6911019,1
2025-08-03,1,0.5451373422481445,1,0.6297815727195627,1,0.70505583,1
2025-08-04,0,0.5169546866522547,1,0.5921580833412089,1,0.6595947,1
2025-08-05,0,0.5353182857453025,1,0.5904944378142628,1,0.6577202,1
2025-08-06,1,0.5447223430089471,1,0.5942082309904674,1,0.6104886,1
2025-08-07,1,0.5419714993097317,1,0.5983035217038516,1,0.63804877,1
2025-08-08,0,0.5430734062430461,1,0.58483484757538,1,0.64155406,1
2025-08-09,1,0.5271514270174732,1,0.5458907457193316,1,0.5267488,1
2025-08-10,1,0.5589876420281178,1,0.5762244979540874,1,0.625374,1
2025-08-11,0,0.5937340863106565,1,0.5846944454331457,1,0.58604974,1
2025-08-12,1,0.49928799398265017,0,0.5286328412201109,1,0.49382174,0
2025-08-13,1,0.5326858669272069,1,0.5636968031544799,1,0.62163734,1
2025-08-14,0,0.5401536269985238,1,0.5450033745055172,1,0.45901784,0
2025-08-15,0,0.4805766921475678,0,0.5054943761415701,1,0.41717473,0
2025-08-16,0,0.5285196084125011,1,0.5209186516834107,1,0.48571327,0
2025-08-17,0,0.4945570619000585,0,0.5120910179028768,1,0.5537111,1
2025-08-18,0,0.5412157132493813,1,0.5386214430381612,1,0.6018154,1
2025-08-19,0,0.5267643785956059,1,0.5381066904732993,1,0.5477696,1
2025-08-20,1,0.5456900416531534,1,0.5446338751505743,1,0.6154264,1
2025-08-21,0,0.5278514128181809,1,0.5012806633725705,1,0.50074875,1
2025-08-22,1,0.5243237654324395,1,0.5275146461353359,1,0.5618618,1
2025-08-23,0,0.5293734087778306,1,0.5030731132276711,1,0.46859458,0
2025-08-24,0,0.5615219843826864,1,0.4928805407044723,0,0.51575947,1
2025-08-25,0,0.5354124502689136,1,0.5176174011424641,1,0.49590793,0
2025-08-26,1,0.5847265752195551,1,0.5654830801156007,1,0.6157547,1
2025-08-27,1,0.5004132419475967,1,0.5208977890303447,1,0.55561054,1
2025-08-28,0,0.5127925439035145,1,0.515818457251677,1,0.57163095,1
2025-08-29,0,0.5588113003384552,1,0.5348901683520012,1,0.63178897,1
2025-08-30,1,0.5654855218919146,1,0.5338776251376758,1,0.5772566,1
2025-08-31,0,0.5471050005898712,1,0.5234115245807306,1,0.53151447,1
2025-09-01,1,0.5330550839048345,1,0.5339984334968467,1,0.6123414,1
2025-09-02,1,0.5436706091271721,1,0.5264935538981134,1,0.60747916,1
2025-09-03,1,0.5606822299678935,1,0.5024213676600664,1,0.4881842,0
2025-09-04,0,0.5189355137255874,1,0.4808419216191048,0,0.39163688,0
2025-09-05,0,0.5373929010402648,1,0.50589859986145,1,0.48297483,0
2025-09-06,1,0.6100142638477853,1,0.5191303437198762,1,0.48580912,0
2025-09-07,1,0.5941144497829377,1,0.5127536793439175,1,0.49047732,0
2025-09-08,0,0.6374775330669044,1,0.4855972900585791,0,0.37956658,0
2025-09-09,1,0.6433941449299557,1,0.4958780013995279,0,0.47430792,0
2025-09-10,1,0.6305466051751913,1,0.4963036142146475,0,0.4334018,0
2025-09-11,1,0.5718077501563266,1,0.5159244909886807,1,0.46169963,0
2025-09-12,0,0.5828980120106965,1,0.5264611318586915,1,0.50370455,1
2025-09-13,0,0.5503476771054256,1,0.5754087158980887,1,0.60009843,1
2025-09-14,1,0.527858723912659,1,0.5505391287292015,1,0.52505714,1
2025-09-15,1,0.5447575381236349,1,0.5352831006147849,1,0.42996833,0
2025-09-16,0,0.5372066937906468,1,0.5523964535072597,1,0.50378,1
2025-09-17,1,0.5699150865393539,1,0.5406024462653548,1,0.46023178,0
2025-09-18,0,0.5585365008060624,1,0.5668032194785172,1,0.54150754,1
2025-09-19,1,0.5319682724855108,1,0.5267934766246131,1,0.45270616,0
2025-09-20,0,0.5181401595901153,1,0.5485215515981446,1,0.5418333,1
2025-09-21,0,0.5264570965448803,1,0.5788867046460846,1,0.5515859,1
2025-09-22,0,0.5546418966519738,1,0.5916738171220888,1,0.6019107,1
2025-09-23,1,0.527803496607965,1,0.6057825617894337,1,0.73755264,1
2025-09-24,0,0.5182797814490774,1,0.5642548780144956,1,0.5673547,1
2025-09-25,1,0.5518690201991561,1,0.56215636910789,1,0.61454695,1
2025-09-26,0,0.5482765920272302,1,0.5821065763349175,1,0.6865984,1
2025-09-27,1,0.5062833778470831,1,0.544845400883038,1,0.50218767,1
2025-09-28,1,0.5187761858657375,1,0.510065467831518,1,0.48052964,0
2025-09-29,0,0.5588131632120906,1,0.5132113338247806,1,0.5207962,1
2025-09-30,1,0.5417960168146816,1,0.5043543790038195,1,0.47863704,0
2025-10-01,1,0.49948311018682,0,0.5136742098069768,1,0.41937768,0
2025-10-02,1,0.4852936850709348,0,0.5429765032797532,1,0.52155036,1
2025-10-03,1,0.4829855387621877,0,0.5071323600078357,1,0.35968426,0
2025-10-04,1,0.5197581037578678,1,0.5262884303148745,1,0.4417126,0
2025-10-05,1,0.5032184931687088,1,0.5300950303329401,1,0.43545756,0
2025-10-06,1,0.4928278905736206,0,0.5615239019187177,1,0.46637568,0
2025-10-07,0,0.49177814307545753,0,0.5339104613348717,1,0.34993178,0
2025-10-08,1,0.49716078285904036,0,0.5060008062632426,1,0.36105627,0
2025-10-09,0,0.502600860411629,1,0.5052614405119549,1,0.44555715,0
2025-10-10,0,0.4843372432516323,0,0.49602133184859326,0,0.39283887,0
2025-10-11,0,0.5232383646721889,1,0.5289214301137235,1,0.52566683,1
2025-10-12,1,0.5269894644229318,1,0.5118014323654884,1,0.57824445,1
2025-10-13,0,0.46256592649042205,0,0.5174862715813706,1,0.5364092,1
2025-10-14,0,0.4926072144326598,0,0.4972436511350143,0,0.512811,1
2025-10-15,0,0.5846998583514628,1,0.5090212611934208,1,0.46855417,0
2025-10-16,0,0.5543449277953304,1,0.4995176802802547,0,0.45952928,0
2025-10-17,0,0.5068702611422436,1,0.521784360194001,1,0.54718304,1
2025-10-18,0,0.5407519806487594,1,0.5263150125044186,1,0.5838444,1
2025-10-19,1,0.563413651509148,1,0.5326710240827679,1,0.5417028,1
2025-10-20,1,0.5752015158244741,1,0.5506540314195483,1,0.5969808,1
2025-10-21,0,0.5239750507273081,1,0.49439252610552026,0,0.43220797,0
2025-10-22,1,0.595547326978672,1,0.5412618523154243,1,0.59182125,1
2025-10-23,1,0.5512211375069909,1,0.5182413791643637,1,0.5541148,1
2025-10-24,1,0.5245502966907242,1,0.4796591931196612,0,0.41301617,0
2025-10-25,1,0.508080705624308,1,0.4662147536923996,0,0.3969115,0
2025-10-26,1,0.5488309949199149,1,0.4905276630739188,0,0.4381969,0
2025-10-27,0,0.5406529533949352,1,0.4917760004462458,0,0.44466808,0
2025-10-28,0,0.4955252376310321,0,0.463504222836991,0,0.32339036,0
2025-10-29,0,0.5162010825771383,1,0.45375089375859196,0,0.2933732,0
2025-10-30,0,0.5068752979482908,1,0.4874353495391017,0,0.43345368,0
2025-10-31,0,0.5249282860539406,1,0.5280288897395202,1,0.52978444,1
2025-11-01,1,0.49360413236445283,0,0.48574322098539446,0,0.41052085,0
2025-11-02,0,0.5233161421806966,1,0.520047626052381,1,0.47913536,0
2025-11-03,0,0.5319968033561998,1,0.5437240699404855,1,0.57149607,1
2025-11-04,0,0.5565763497786286,1,0.5618474707048384,1,0.6254796,1
2025-11-05,1,0.5919104890575847,1,0.5515604895214802,1,0.5515458,1
2025-11-06,0,0.5494682886952739,1,0.5401407708077218,1,0.56093824,1
2025-11-07,1,0.5389479081355311,1,0.5403122674649762,1,0.5789444,1
2025-11-08,0,0.5672726848323383,1,0.54392721245101,1,0.60411894,1
2025-11-09,1,0.5828148463169162,1,0.5200703266365655,1,0.55229014,1
2025-11-10,1,0.5762218315877943,1,0.4852148188613513,0,0.3842128,0
2025-11-11,0,0.5220260136988171,1,0.48119045073338945,0,0.42038068,0
2025-11-12,0,0.551887116983909,1,0.5108067957279516,1,0.53126,1
2025-11-13,0,0.5574074899436096,1,0.5280670034248128,1,0.56677634,1
2025-11-14,0,0.5618278481926532,1,0.5504970698819172,1,0.5483651,1
2025-11-15,1,0.5476361501229536,1,0.5304833519485244,1,0.5592454,1
2025-11-16,0,0.5651439724536585,1,0.5265065124408734,1,0.5257026,1
2025-11-17,0,0.5726808488245231,1,0.5450915005530551,1,0.5719048,1
2025-11-18,0,0.6147952244772673,1,0.5509447020601446,1,0.5237978,1
2025-11-19,1,0.5845385884914075,1,0.5446112588033163,1,0.56675917,1
2025-11-20,0,0.5621534269040557,1,0.5427403184410878,1,0.587204,1
2025-11-21,0,0.5971065330676747,1,0.5614653043896751,1,0.5652279,1
2025-11-22,1,0.6178814645517179,1,0.5643149391933392,1,0.528942,1
2025-11-23,1,0.5738711039226334,1,0.5536153047853941,1,0.5819851,1
2025-11-24,1,0.5496095887821504,1,0.5590575852060066,1,0.59696656,1
2025-11-25,0,0.574917316381695,1,0.5181290228220391,1,0.5688671,1
2025-11-26,1,0.5812344046637865,1,0.5036530818810762,1,0.53784186,1
2025-11-27,1,0.5608302505880617,1,0.4985106510076102,0,0.46671122,0
2025-11-28,1,0.5186151927012775,1,0.47322379436778034,0,0.43331766,0
2025-11-29,0,0.523950828500578,1,0.45325207575987425,0,0.36236018,0
2025-11-30,0,0.5386148956306642,1,0.4548598102506106,0,0.33981106,0
2025-12-01,0,0.6041582599061252,1,0.4860885670231559,0,0.41016686,0
2025-12-02,1,0.5127472421684282,1,0.5255378005826923,1,0.5008272,1
2025-12-03,1,0.49214461605478266,0,0.4689139328887213,0,0.33806053,0
2025-12-04,0,0.5020666782149026,1,0.47869589370045,0,0.39650905,0
2025-12-05,0,0.5287644522558103,1,0.458960043043539,0,0.3282427,0
2025-12-06,1,0.519536571403154,1,0.458246540546107,0,0.3546444,0
2025-12-07,1,0.46200815472766077,0,0.4689285134275357,0,0.3252173,0
2025-12-08,0,0.465585013238283,0,0.4643769280506864,0,0.30340928,0
2025-12-09,1,0.4976926813272909,0,0.47329138545144206,0,0.3717681,0
2025-12-10,0,0.524119609093371,1,0.46601319907484917,0,0.3154659,0
2025-12-11,1,0.5153762518696038,1,0.4643469934999831,0,0.4035825,0
2025-12-12,0,0.4902460836976319,0,0.47537254250048383,0,0.38222986,0
2025-12-13,1,0.4908222734755824,0,0.46852631652780113,0,0.3686711,0
2025-12-14,0,0.49698602065553843,0,0.47489459620188645,0,0.37979975,0
2025-12-15,0,0.5249172448127889,1,0.5244278385396576,1,0.56411386,1
2025-12-16,1,0.5108871331275148,1,0.5352692135585686,1,0.52817047,1
2025-12-17,0,0.5024104929127416,1,0.5343621479254782,1,0.5299925,1
2025-12-18,0,0.51340950269057,1,0.5169091132824501,1,0.52549076,1
2025-12-19,1,0.5348818648572878,1,0.5421423702080828,1,0.55126446,1
2025-12-20,1,0.5205626761822364,1,0.476815508902784,0,0.45290476,0
2025-12-21,1,0.48922705643700515,0,0.4630612520737433,0,0.37517235,0
2025-12-22,0,0.5766803202919907,1,0.50337074360236,1,0.46639934,0
2025-12-23,0,0.5126232891725336,1,0.4759209640987524,0,0.37028983,0
2025-12-24,0,0.5093685154430914,1,0.49967956456821894,0,0.4111336,0
2025-12-25,0,0.4938724375850138,0,0.4881067201244203,0,0.41408285,0
2025-12-26,1,0.5192121956734767,1,0.5238635559225062,1,0.54029095,1
2025-12-27,1,0.5091268521910238,1,0.4860027791717587,0,0.4142151,0
2025-12-28,1,0.5143885545381245,1,0.5113425635629598,1,0.46474364,0
2025-12-29,0,0.5232419978948571,1,0.5083245153464152,1,0.4135498,0
2025-12-30,1,0.5072966796165621,1,0.5390581310116684,1,0.51152503,1
2025-12-31,0,0.5116549639029244,1,0.5371273846168608,1,0.5200807,1
2026-01-01,1,0.5361553661953287,1,0.5385840889919248,1,0.540712,1
2026-01-02,1,0.5475888599346341,1,0.5485274539125519,1,0.6071033,1
2026-01-03,1,0.530853114687338,1,0.5379360451018607,1,0.49564546,0
2026-01-04,1,0.6165206588897265,1,0.5471295523915386,1,0.5554269,1
2026-01-05,1,0.6461153504513646,1,0.6115486218709494,1,0.67635125,1
2026-01-06,0,0.5465695238363961,1,0.5525193817801081,1,0.47150734,0
2026-01-07,0,0.5743057322698794,1,0.6088258126502694,1,0.6126165,1
2026-01-08,0,0.5273595222453685,1,0.5548421966216432,1,0.5612581,1
2026-01-09,0,0.5123737111154233,1,0.5480374432831792,1,0.47825897,0
2026-01-10,0,0.5221252242991147,1,0.5491014171279522,1,0.5185062,1
2026-01-11,1,0.544102900667206,1,0.5445884318241277,1,0.47429752,0
2026-01-12,0,0.5938339475862606,1,0.5920810041541003,1,0.5872347,1
2026-01-13,1,0.5467520879219997,1,0.5487841199327707,1,0.45194447,0
2026-01-14,1,0.5711664789943464,1,0.5640589563250678,1,0.5412416,1
2026-01-15,0,0.582082113806962,1,0.5660745032483097,1,0.52352005,1
2026-01-16,0,0.5563482750787611,1,0.5302984522211561,1,0.44005433,0
2026-01-17,0,0.5480190873829456,1,0.5365552916418178,1,0.45802766,0
2026-01-18,0,0.5251734100225262,1,0.5335338445317936,1,0.48825797,0
2026-01-19,1,0.6510376336774382,1,0.5388559084714015,1,0.46601394,0
2026-01-20,0,0.5233586114752895,1,0.5354656292685064,1,0.50718296,1
2026-01-21,1,0.5563660356089775,1,0.5579108515325527,1,0.66709757,1
2026-01-22,0,0.530237558306076,1,0.5432762030836261,1,0.5958304,1
2026-01-23,0,0.5317639599474943,1,0.5294360561806429,1,0.61363375,1
2026-01-24,0,0.5398740734953809,1,0.5227183981745517,1,0.5691467,1
2026-01-25,0,0.5665204326402135,1,0.5227619344222196,1,0.5757106,1
2026-01-26,1,0.57625947589475,1,0.5595711630508647,1,0.5955107,1
2026-01-27,1,0.5345138617789763,1,0.5360068238792187,1,0.60173,1
2026-01-28,0,0.5398004343170139,1,0.49834387434394417,0,0.4944449,0
2026-01-29,0,0.5603636332006928,1,0.52737283463993,1,0.62114185,1
2026-01-30,1,0.70243277945792,1,0.5535698670572233,1,0.5566347,1
2026-01-31,0,0.5175295207948288,1,0.5175334900394212,1,0.53287077,1
2026-02-01,0,0.6018003937352402,1,0.5609041218303926,1,0.5282613,1
2026-02-02,1,0.6057372981616884,1,0.560680601427967,1,0.5765226,1
2026-02-03,0,0.600968318561341,1,0.5599693846360525,1,0.60446334,1
2026-02-04,0,0.5824782345313777,1,0.5385397360599594,1,0.5009856,1
2026-02-05,0,0.6767581010650262,1,0.5801147727097505,1,0.63425833,1
2026-02-06,1,0.8166154078730645,1,0.6048619717704897,1,0.5660337,1
2026-02-07,0,0.5887229307672646,1,0.5599720028869684,1,0.5612779,1
2026-02-08,1,0.6125875447954499,1,0.5671672545423099,1,0.6093811,1
2026-02-09,1,0.6443761124506301,1,0.5544462661356357,1,0.6194911,1
2026-02-10,0,0.6599996478199128,1,0.5304368017551081,1,0.57027614,1
2026-02-11,0,0.5548318605028432,1,0.5094803893417169,1,0.4420295,0
2026-02-12,0,0.6064478427926163,1,0.5593475593129071,1,0.66769195,1
2026-02-13,1,0.6167728186410245,1,0.5628892446727627,1,0.6362932,1
2026-02-14,1,0.5677477755694704,1,0.5008050936977269,1,0.53170043,1
2026-02-15,0,0.5692733493187924,1,0.4766433635004243,0,0.4005012,0
2026-02-16,1,0.5593065564641848,1,0.47563177530347855,0,0.44406542,0
2026-02-17,0,0.5757468314325656,1,0.4900187450577626,0,0.39086074,0
2026-02-18,0,0.5197986146337906,1,0.49435366640493894,0,0.5234209,1
2026-02-19,1,0.5384296336116163,1,0.5040199351637636,1,0.51225334,1
2026-02-20,1,0.5444352050579369,1,0.5061762294855335,1,0.51533747,1
2026-02-21,1,0.527532752207725,1,0.4743731944484584,0,0.47442767,0
2026-02-22,0,0.5321191981558508,1,0.464171064422905,0,0.38954157,0
2026-02-23,0,0.6276111693454726,1,0.5284769977310778,1,0.598662,1
2026-02-24,1,0.5357896959194585,1,0.5258690585479809,1,0.55038095,1
2026-02-25,1,0.5054981995850044,1,0.4949856910289368,0,0.52986383,1
2026-02-26,0,0.5051382003029038,1,0.47778526549957406,0,0.3993215,0
2026-02-27,0,0.5774252470732332,1,0.4891548340461141,0,0.41403103,0
2026-02-28,1,0.550580290331462,1,0.48722044064968706,0,0.5021437,1
2026-03-01,0,0.5272944053901975,1,0.471358637367943,0,0.34113926,0
2026-03-02,1,0.4994475630726427,0,0.4591395287035818,0,0.35577106,0
2026-03-03,0,0.5114630824418577,1,0.46347264385856807,0,0.36551216,0
2026-03-04,1,0.5475060042832209,1,0.47910862820891587,0,0.37051144,0
2026-03-05,0,0.4786946906474808,0,0.46381825658518144,0,0.39578405,0
2026-03-06,0,0.5137148331117933,1,0.4787352889392339,0,0.36653474,0
2026-03-07,0,0.521034579701543,1,0.4728235040749264,0,0.3738889,0
2026-03-08,0,0.5345481464375259,1,0.47234793631401895,0,0.37448776,0
2026-03-09,1,0.5082437193836858,1,0.5071970974878819,1,0.4198733,0
2026-03-10,1,0.5005076444213594,1,0.4654090691182393,0,0.35751757,0
2026-03-11,0,0.5382111107295549,1,0.46937941728862825,0,0.41927865,0
2026-03-12,1,0.5345594314582882,1,0.4624537448535063,0,0.4099765,0
2026-03-13,0,0.5638895879112962,1,0.4712287794958803,0,0.34974787,0
2026-03-14,1,0.4919704526354689,0,0.4569283131771658,0,0.30336863,0
2026-03-15,1,0.5281618694100407,1,0.46939975382699717,0,0.39268202,0
2026-03-16,1,0.5114640211171217,1,0.5112055608867053,1,0.42681637,0
2026-03-17,0,0.718905879831089,1,0.5025201220603887,1,0.4201094,0
2026-03-18,0,0.6640132082220952,1,0.4939949867173873,0,0.40114707,0
2026-03-19,1,0.6192742354459512,1,0.5117821653638268,1,0.4677273,0
2026-03-20,0,0.5583977724939272,1,0.5259362645020836,1,0.544963,1
2026-03-21,0,0.5509470790076858,1,0.525079286109208,1,0.51738334,1
2026-03-22,1,0.600228630148187,1,0.5335750184228365,1,0.5417691,1
2026-03-23,0,0.5866750178654979,1,0.5099987666635053,1,0.48344657,0
2026-03-24,1,0.5419342263383462,1,0.5213887870504822,1,0.48480254,0
2026-03-25,0,0.5702758393556466,1,0.5187453314968073,1,0.43643948,0
2026-03-26,0,0.586826959948196,1,0.49639455498061125,0,0.473788,0
2026-03-27,0,0.5761634447286977,1,0.5294391161415243,1,0.5256023,1
2026-03-28,0,0.5305883603208739,1,0.5012559023130454,1,0.44264773,0
2026-03-29,1,0.5253437286030154,1,0.5202360935707966,1,0.55544895,1
2026-03-30,1,0.5699404863596658,1,0.5243749632627647,1,0.5553813,1
2026-03-31,0,0.5657904055076052,1,0.489354938333582,0,0.45245662,0
2026-04-01,0,0.5468766165254358,1,0.4813962707990618,0,0.44514513,0
2026-04-02,1,0.5660647573799887,1,0.5096633796829552,1,0.55919135,1
2026-04-03,1,0.5286788028031787,1,0.5098180645523672,1,0.5196488,1
2026-04-04,1,0.5139022902678454,1,0.4814153296742389,0,0.49264827,0
2026-04-05,0,0.5225045647611823,1,0.4806179613411741,0,0.42361906,0
2026-04-06,1,0.5402280276638299,1,0.48334544822572195,0,0.43755013,0
2026-04-07,0,0.5152050175439004,1,0.5077611702832117,1,0.48471063,0
2026-04-08,1,0.5180324951500695,1,0.5047713614496029,1,0.47079816,0
2026-04-09,1,0.5142756576356989,1,0.5126351781648871,1,0.446449,0
2026-04-10,1,0.5246410340850749,1,0.5064689066035704,1,0.42916662,0
2026-04-11,0,0.4969776458710185,0,0.5020296429725918,1,0.41438547,0
2026-04-12,1,0.5449733370612228,1,0.4925846176008513,0,0.41025144,0
2026-04-13,0,0.5106219623222831,1,0.5194838043683041,1,0.4502733,0
2026-04-14,1,0.5134310872669818,1,0.5199489970388349,1,0.4725086,0
2026-04-15,1,0.5324273749571806,1,0.5202893643395695,1,0.52964157,1
2026-04-16,1,0.5548404123564317,1,0.511837344283877,1,0.46560505,0
2026-04-17,0,0.5298023046657404,1,0.5412538547730742,1,0.51746976,1
2026-04-18,0,0.5238910132588686,1,0.4875569663403914,0,0.3602394,0
2026-04-19,1,0.5438548774349399,1,0.5213031850464777,1,0.5473209,1
2026-04-20,1,0.5187597735695939,1,0.5241869436861466,1,0.5535854,1
2026-04-21,1,0.5019291124686575,1,0.5127514578098398,1,0.52622914,1
2026-04-22,1,0.5367641935183223,1,0.5235640353181875,1,0.521013,1
2026-04-23,0,0.5669438927917085,1,0.5208095160981049,1,0.5367247,1
2026-04-24,1,0.529093930027244,1,0.5305336303522119,1,0.55111504,1
2026-04-25,1,0.5210349124529122,1,0.5217201084735168,1,0.50996405,1
2026-04-26,0,0.5165577280231395,1,0.5141573342975609,1,0.43163225,0
2026-04-27,0,0.5462743608680254,1,0.5211842363856868,1,0.49082324,0
2026-04-28,0,0.5465648611082313,1,0.523792967781397,1,0.553947,1
2026-04-29,1,0.5318291602410201,1,0.5326498668252805,1,0.5638264,1
2026-04-30,1,0.5189361919684268,1,0.5373488124889793,1,0.60940766,1
2026-05-01,1,0.54467279936808,1,0.5382794126716939,1,0.5447518,1
2026-05-02,0,0.5370567825302182,1,0.5541411710802593,1,0.5823319,1
2026-05-03,1,0.5557222114980893,1,0.56046933117016,1,0.5860392,1
2026-05-04,1,0.5625136232980802,1,0.5709942727414427,1,0.56652117,1
2026-05-05,1,0.5285789012065133,1,0.5609620305910814,1,0.55006826,1
2026-05-06,0,0.5618974924879071,1,0.5523244206389318,1,0.5248309,1
2026-05-07,1,0.5577496103981995,1,0.5397940930047181,1,0.59278864,1
2026-05-08,1,0.5445131848194001,1,0.5829771179528492,1,0.63585335,1
2026-05-09,1,0.5199304592395229,1,0.6017596846158675,1,0.5896127,1
2026-05-10,0,0.5464900746966903,1,0.5878034142459673,1,0.58195066,1
2026-05-11,0,0.5647798946009426,1,0.579667299386692,1,0.6225784,1
2026-05-12,0,0.5561047205318252,1,0.5665872289460061,1,0.545244,1
2026-05-13,1,0.5407341952869166,1,0.5778860705211522,1,0.6265774,1
2026-05-14,0,0.5342231396753835,1,0.5718832974719074,1,0.62357634,1
2026-05-15,0,0.5491722656581745,1,0.5434333874753459,1,0.6051382,1
2026-05-16,0,0.5623948440694749,1,0.5518899002083025,1,0.57436335,1
2026-05-17,0,0.5367563507200928,1,0.5508201816541907,1,0.5602418,1
2026-05-18,0,0.5306749467493882,1,0.5693744563911894,1,0.6110547,1
2026-05-19,1,0.5436833475514536,1,0.5707093858495118,1,0.62626594,1
2026-05-20,1,0.5553990083629895,1,0.574501721562287,1,0.618932,1
2026-05-21,0,0.5524924906583676,1,0.547876407644762,1,0.5497324,1
2026-05-22,1,0.5508302236316295,1,0.5513930828045591,1,0.5750116,1
2026-05-23,1,0.5398208798744056,1,0.5420188714648672,1,0.577765,1
2026-05-24,1,0.5272359499525546,1,0.5206859402237529,1,0.52260464,1
2026-05-25,0,0.5282463552927231,1,0.5628131772824146,1,0.6250175,1
2026-05-26,0,0.5668350250496725,1,0.568594606734379,1,0.65182894,1
2026-05-27,0,0.5400497520441223,1,0.5544719546562639,1,0.59068596,1
2026-05-28,0,0.5390655538804529,1,0.5761674050539926,1,0.6836854,1
2026-05-29,1,0.5293358638936645,1,0.5562786012586968,1,0.6240411,1
2026-05-30,0,0.5302093094842317,1,0.5605124574430285,1,0.6521279,1
2026-05-31,0,0.5406028089698909,1,0.5638056030049025,1,0.6387088,1
2026-06-01,0,0.5013236924539276,1,0.5511903693601472,1,0.62174165,1
2026-06-02,0,0.5961294141486669,1,0.5732075465079042,1,0.5292958,1
2026-06-03,0,0.5012601336206582,1,0.5569232894480451,1,0.51349396,1
2026-06-04,0,0.5766493198401891,1,0.5754454313545487,1,0.5540924,1
2026-06-05,1,0.6182608114528021,1,0.6074030234062556,1,0.6266243,1
2026-06-06,1,0.5742975216380908,1,0.5594496853175877,1,0.573276,1
2026-06-07,0,0.5670510030061858,1,0.5467537206252179,1,0.535827,1
2026-06-08,0,0.5440002940177034,1,0.5251115948630208,1,0.49380517,0
2026-06-09,0,0.615105916067871,1,0.5617638784808551,1,0.59082985,1
2026-06-10,1,0.5538726360094498,1,0.5291056803846509,1,0.5251036,1
2026-06-11,0,0.5243871511829349,1,0.5120406576507611,1,0.49124548,0
2026-06-12,1,0.5270158975466985,1,0.4900652509495605,0,0.50296146,1
2026-06-13,1,0.5509355418090321,1,0.47458960236752945,0,0.39249414,0
2026-06-14,1,0.5314281628989342,1,0.4740198796765922,0,0.44688857,0
2026-06-15,0,0.49920705669363935,0,0.4584007249748591,0,0.41110232,0
